{"hyper_id":1769870476,"gamma":0.0107060405541418,"C":73.73162101215877,"epsilon":0.018917210149693726}